day_of_week,age_band_of_driver,sex_of_driver,educational_level,vehicle_driver_relation,driving_experience,type_of_vehicle,owner_of_vehicle,service_year_of_vehicle,defect_of_vehicle,area_accident_occured,lanes_or_medians,road_allignment,types_of_junction,road_surface_type,road_surface_conditions,light_conditions,weather_conditions,type_of_collision,number_of_vehicles_involved,number_of_casualties,vehicle_movement,pedestrian_movement,cause_of_accident,accident_severity,hour,time_period
Friday,Over 51,Male,Elementary school,Employee,5-10yr,Other,Owner,Unknown,No defect, Church areas,other,Tangent road with flat terrain,No junction,Asphalt roads,Dry,Daylight,Normal,Vehicle with vehicle collision,1,1,Going straight,Not a Pedestrian,Changing lane to the right,Slight Injury,9,Morning
Tuesday,31-50,Male,Junior high school,Employee,5-10yr,Other,Owner,Above 10yr,No defect, Industrial areas,Two-way (divided with broken lines road marking),Tangent road with flat terrain,No junction,Earth roads,Dry,Daylight,Normal,Vehicle with vehicle collision,2,3,Other,Not a Pedestrian,No priority to pedestrian,Slight Injury,8,Morning
Tuesday,31-50,Male,Junior high school,Employee,Above 10yr,Pick up upto 10Q,Owner,Unknown,No defect,  Recreational areas,One way,Tangent road with flat terrain,No junction,Asphalt roads,Dry,Daylight,Normal,Vehicle with vehicle collision,2,3,Going straight,Not a Pedestrian,Moving Backward,Slight Injury,8,Morning
Tuesday,31-50,Male,Junior high school,Employee,Above 10yr,Automobile,Owner,Unknown,No defect,  Market areas,Undivided Two way,Tangent road with flat terrain,No junction,Asphalt roads,Dry,Daylight,Normal,Collision with roadside objects,2,3,Going straight,"In carriageway, statioNot a Pedestrianry - not crossing  (standing or playing) - masked by parked or statioNot a Pedestrianry vehicle",Getting off the vehicle improperly,Slight Injury,8,Morning
Thursday,18-30,Male,Elementary school,Employee,Below 1yr,Other,Owner,Unknown,No defect,Other,Two-way (divided with broken lines road marking),Tangent road with flat terrain,No junction,Asphalt roads,Dry,Daylight,Normal,Vehicle with vehicle collision,2,4,Turnover,Not a Pedestrian,Overtaking,Slight Injury,7,Morning
Thursday,18-30,Male,Elementary school,Employee,5-10yr,Lorry (41?100Q),Owner,Unknown,No defect,Other,Two-way (divided with broken lines road marking),Tangent road with flat terrain,No junction,Asphalt roads,Dry,Daylight,Normal,Vehicle with vehicle collision,2,4,Moving Backward,Not a Pedestrian,Overloading,Slight Injury,7,Morning
Thursday,18-30,Male,Elementary school,Owner,5-10yr,Public (13?45 seats),Owner,Unknown,No defect, Industrial areas,Two-way (divided with broken lines road marking),Tangent road with flat terrain,No junction,Earth roads,Dry,Daylight,Normal,Vehicle with vehicle collision,2,4,Going straight,Not a Pedestrian,Changing lane to the right,Slight Injury,7,Morning
Thursday,31-50,Male,Elementary school,Employee,2-5yr,Automobile,Governmental,2-5yrs,No defect,Other,Two-way (divided with broken lines road marking),Tangent road with flat terrain,No junction,Asphalt roads,Dry,Daylight,Normal,Collision with roadside objects,2,4,Going straight,Not a Pedestrian,Improper parking,Slight Injury,7,Morning
Monday,18-30,Unknown,Elementary school,Employee,Above 10yr,Pick up upto 10Q,Governmental,Unknown,No defect,Office areas,other,Tangent road with flat terrain,Crossing,Asphalt roads,Wet or damp,Daylight,Raining,Vehicle with vehicle collision,1,1,Going straight,Not a Pedestrian,Other,Slight Injury,19,Evening
Wednesday,18-30,Male,Elementary school,Employee,2-5yr,Lorry (41?100Q),Owner,Unknown,No defect,Other,other,Tangent road with flat terrain,No junction,Asphalt roads,Dry,Daylight,Normal,Vehicle with vehicle collision,1,1,Reversing,Not a Pedestrian,Changing lane to the left,Serious Injury,19,Evening
Friday,31-50,Male,Junior high school,Employee,Above 10yr,Public (12 seats),Owner,Unknown,No defect,Office areas,Two-way (divided with broken lines road marking),Tangent road with flat terrain,Crossing,Asphalt roads,Dry,Daylight,Normal,Vehicle with vehicle collision,2,6,Going straight,Not a Pedestrian,Changing lane to the right,Slight Injury,17,Evening
Friday,31-50,Male,Junior high school,Employee,Below 1yr,Other,Owner,Unknown,No defect,Office areas,Undivided Two way,Tangent road with flat terrain,Crossing,Asphalt roads,Dry,Daylight,Normal,Vehicle with vehicle collision,2,6,Going straight,Not a Pedestrian,No priority to pedestrian,Slight Injury,17,Evening
Friday,31-50,Male,Junior high school,Employee,2-5yr,Lorry (41?100Q),Organization,Unknown,No defect,Other,other,Tangent road with flat terrain,Crossing,Asphalt roads,Dry,Daylight,Normal,Collision with roadside objects,2,6,Going straight,"In carriageway, statioNot a Pedestrianry - not crossing  (standing or playing)",Overspeed,Slight Injury,17,Evening
Friday,31-50,Male,Elementary school,Employee,5-10yr,Pick up upto 10Q,Governmental,2-5yrs,No defect,Other,other,Tangent road with flat terrain,Crossing,Asphalt roads,Dry,Daylight,Normal,Vehicle with vehicle collision,2,6,Parked,Unknown or other,Changing lane to the left,Slight Injury,17,Evening
Friday,31-50,Male,Elementary school,Employee,5-10yr,Other,Owner,Unknown,No defect,Other,Undivided Two way,Tangent road with flat terrain,Crossing,Asphalt roads,Dry,Daylight,Normal,Vehicle with vehicle collision,2,6,Going straight,Not a Pedestrian,No priority to vehicle,Slight Injury,17,Evening
Friday,18-30,Male,Elementary school,Employee,1-2yr,Lorry (41?100Q),Owner,Above 10yr,No defect,Other,other,Tangent road with flat terrain,Crossing,Other,Dry,Daylight,Normal,Vehicle with vehicle collision,2,6,Going straight,Not a Pedestrian,Changing lane to the right,Slight Injury,17,Evening
Saturday,31-50,Male,Elementary school,Employee,5-10yr,Ridden horse,Owner,Unknown,No defect,Residential areas,Undivided Two way,Tangent road with flat terrain,Y Shape,Asphalt roads,Dry,Daylight,Normal,Vehicle with vehicle collision,2,1,Unknown,Not a Pedestrian,No distancing,Slight Injury,13,Afternoon
Saturday,18-30,Male,Junior high school,Employee,1-2yr,Automobile,Owner,2-5yrs,No defect, Church areas,Undivided Two way,Tangent road with flat terrain,Y Shape,Asphalt roads,Dry,Daylight,Normal,Vehicle with vehicle collision,2,1,Going straight,Not a Pedestrian,No priority to pedestrian,Slight Injury,13,Afternoon
Friday,18-30,Male,Junior high school,Employee,5-10yr,Automobile,Owner,2-5yrs,No defect,Office areas,Double carriageway (median),Tangent road with flat terrain,Crossing,Asphalt roads,Dry,Daylight,Normal,Collision with pedestrians,2,1,Going straight,Not a Pedestrian,No distancing,Serious Injury,17,Evening
Friday,31-50,Male,Elementary school,Owner,1-2yr,Stationwagen,Owner,2-5yrs,No defect, Church areas,other,Tangent road with flat terrain,Crossing,Asphalt roads,Dry,Daylight,Normal,Vehicle with vehicle collision,2,1,Stopping,Not a Pedestrian,No priority to vehicle,Serious Injury,17,Evening
Wednesday,18-30,Male,Junior high school,Employee,5-10yr,Other,Owner,2-5yrs,No defect,Other,Two-way (divided with broken lines road marking),Tangent road with flat terrain,No junction,Asphalt roads,Dry,Daylight,Normal,Vehicle with vehicle collision,2,1,Going straight,Not a Pedestrian,Other,Slight Injury,9,Morning
Wednesday,31-50,Male,Junior high school,Employee,2-5yr,Lorry (41?100Q),Owner,Unknown,No defect,Other,other,Tangent road with flat terrain,No junction,Asphalt roads,Dry,Daylight,Normal,Collision with roadside objects,2,1,Overtaking,Unknown or other,Driving carelessly,Slight Injury,9,Morning
Friday,18-30,Male,Junior high school,Employee,2-5yr,Lorry (41?100Q),Owner,1-2yr,No defect,School areas,other,Steep grade downward with mountainous terrain,Crossing,Asphalt roads,Wet or damp,Daylight,Raining,Vehicle with vehicle collision,2,1,Going straight,Not a Pedestrian,Changing lane to the left,Slight Injury,16,Afternoon
Friday,Under 18,Male,Junior high school,Employee,5-10yr,Long lorry,Owner,5-10yrs,No defect,Office areas,Two-way (divided with broken lines road marking),Tangent road with mild grade and flat terrain,Crossing,Earth roads,Wet or damp,Daylight,Raining,Vehicle with vehicle collision,2,1,Reversing,Not a Pedestrian,Driving carelessly,Slight Injury,16,Afternoon
Thursday,18-30,Male,Junior high school,Owner,Below 1yr,Stationwagen,Owner,Below 1yr,No defect,Other,other,Steep grade downward with mountainous terrain,No junction,Asphalt roads,Dry,Darkness - no lighting,Normal,Collision with pedestrians,1,2,Going straight,Not a Pedestrian,Changing lane to the left,Serious Injury,22,Night
Thursday,18-30,Male,High school,Employee,Below 1yr,Public (12 seats),Owner,Unknown,No defect,Office areas,Undivided Two way,Tangent road with flat terrain,No junction,Asphalt roads,Dry,Darkness - no lighting,Normal,Vehicle with vehicle collision,1,2,Going straight,Not a Pedestrian,No priority to vehicle,Serious Injury,22,Night
Thursday,18-30,Male,Junior high school,Employee,5-10yr,Automobile,Owner,Unknown,No defect,Other,Undivided Two way,Tangent road with flat terrain,Crossing,Asphalt roads,Dry,Daylight,Normal,Vehicle with vehicle collision,3,1,Unknown,Not a Pedestrian,No distancing,Slight Injury,14,Afternoon
Thursday,Over 51,Male,Junior high school,Employee,Below 1yr,Public (12 seats),Owner,2-5yrs,No defect,Other,Two-way (divided with broken lines road marking),Tangent road with flat terrain,Crossing,Asphalt roads,Dry,Daylight,Normal,Collision with pedestrians,3,1,Going straight,"In carriageway, statioNot a Pedestrianry - not crossing  (standing or playing)",Changing lane to the right,Slight Injury,14,Afternoon
Thursday,18-30,Male,Junior high school,Employee,2-5yr,Lorry (41?100Q),Owner,Unknown,No defect,Office areas,Undivided Two way,Tangent road with flat terrain,Crossing,Asphalt roads,Dry,Daylight,Normal,Collision with pedestrians,3,1,Moving Backward,Not a Pedestrian,Changing lane to the right,Slight Injury,14,Afternoon
Wednesday,Over 51,Male,Junior high school,Employee,2-5yr,Automobile,Owner,Unknown,No defect,Other,Double carriageway (median),Tangent road with flat terrain,No junction,Asphalt roads,Dry,Daylight,Normal,Collision with pedestrians,2,1,Going straight,Not a Pedestrian,Driving at high speed,Slight Injury,17,Evening
Wednesday,Over 51,Female,Junior high school,Employee,5-10yr,Lorry (41?100Q),Owner,Unknown,No defect, Church areas,other,Tangent road with flat terrain,No junction,Asphalt roads,Dry,Daylight,Normal,Collision with roadside objects,2,1,Moving Backward,Unknown or other,No distancing,Slight Injury,17,Evening
Thursday,Over 51,Male,Elementary school,Employee,5-10yr,Lorry (41?100Q),Owner,Unknown,No defect,Office areas,Two-way (divided with broken lines road marking),Tangent road with flat terrain,Y Shape,Asphalt roads,Dry,Daylight,Other,Vehicle with vehicle collision,2,4,Going straight,Not a Pedestrian,Changing lane to the right,Slight Injury,14,Afternoon
Thursday,Over 51,Male,Junior high school,Owner,5-10yr,Pick up upto 10Q,Owner,Above 10yr,No defect,Office areas,Two-way (divided with broken lines road marking),Tangent road with flat terrain,Y Shape,Asphalt roads,Dry,Daylight,Other,Vehicle with vehicle collision,2,4,Going straight,Not a Pedestrian,Changing lane to the left,Slight Injury,14,Afternoon
Thursday,Under 18,Male,Junior high school,Employee,5-10yr,Other,Owner,2-5yrs,No defect,Other,Undivided Two way,Tangent road with mountainous terrain and,Y Shape,Asphalt roads,Dry,Daylight,Other,Vehicle with vehicle collision,2,4,Unknown,Not a Pedestrian,Getting off the vehicle improperly,Slight Injury,14,Afternoon
Thursday,Under 18,Male,Junior high school,Owner,5-10yr,Automobile,Owner,2-5yrs,No defect,Residential areas,Undivided Two way,Tangent road with flat terrain,Y Shape,Asphalt roads,Dry,Daylight,Other,Vehicle with vehicle collision,2,4,Going straight,Not a Pedestrian,Other,Slight Injury,14,Afternoon
Wednesday,Unknown,Female,Illiterate,Employee,2-5yr,Automobile,Owner,Unknown,No defect,Residential areas,Undivided Two way,Tangent road with flat terrain,Y Shape,Asphalt roads,Dry,Daylight,Normal,Vehicle with vehicle collision,2,1,Going straight,Not a Pedestrian,Other,Slight Injury,16,Afternoon
Wednesday,18-30,Male,Junior high school,Employee,5-10yr,Lorry (11?40Q),Owner,5-10yrs,7,Other,Two-way (divided with broken lines road marking),Tangent road with flat terrain,Y Shape,Asphalt roads,Dry,Daylight,Normal,Vehicle with vehicle collision,2,1,Going straight,Not a Pedestrian,No distancing,Slight Injury,16,Afternoon
Thursday,18-30,Male,Junior high school,Employee,Below 1yr,Bajaj,Owner,Unknown,7,Other,other,Tangent road with flat terrain,Y Shape,Asphalt roads,Dry,Darkness - lights lit,Normal,Collision with pedestrians,2,2,Turnover,Not a Pedestrian,No priority to vehicle,Serious Injury,20,Evening
Thursday,Under 18,Male,Junior high school,Employee,1-2yr,Automobile,Owner,Unknown,No defect,Office areas,Two-way (divided with broken lines road marking),Steep grade downward with mountainous terrain,Y Shape,Asphalt roads,Dry,Darkness - lights lit,Normal,Collision with roadside objects,2,2,Going straight,Not a Pedestrian,Overtaking,Serious Injury,20,Evening
Monday,Over 51,Male,Elementary school,Employee,2-5yr,Lorry (41?100Q),Governmental,Unknown,No defect,School areas,Double carriageway (median),Tangent road with flat terrain,O Shape,Earth roads,Dry,Daylight,Normal,Vehicle with vehicle collision,2,1,Going straight,Not a Pedestrian,No priority to pedestrian,Serious Injury,10,Morning
Monday,Over 51,Male,Elementary school,Employee,2-5yr,Lorry (11?40Q),Owner,Unknown,No defect,Other,Two-way (divided with broken lines road marking),Steep grade downward with mountainous terrain,O Shape,Asphalt roads,Dry,Daylight,Normal,Vehicle with vehicle collision,2,1,Going straight,Not a Pedestrian,No distancing,Serious Injury,10,Morning
Saturday,31-50,Male,Elementary school,Employee,5-10yr,Lorry (11?40Q),Owner,5-10yrs,No defect,Other,Two-way (divided with broken lines road marking),Tangent road with rolling terrain,Y Shape,Asphalt roads,Dry,Daylight,Normal,Vehicle with vehicle collision,2,1,Reversing,Not a Pedestrian,Changing lane to the right,Slight Injury,20,Evening
Saturday,Under 18,Male,Junior high school,Employee,5-10yr,Automobile,Governmental,Unknown,No defect, Church areas,Two-way (divided with broken lines road marking),Tangent road with flat terrain,Y Shape,Asphalt roads,Dry,Daylight,Normal,Vehicle with vehicle collision,2,1,Getting off,Not a Pedestrian,Driving carelessly,Slight Injury,20,Evening
Saturday,18-30,Male,Junior high school,Employee,5-10yr,Automobile,Owner,Unknown,No defect,Office areas,Two-way (divided with broken lines road marking),Tangent road with mild grade and flat terrain,Crossing,Asphalt roads,Dry,Daylight,Normal,With Train,2,1,Going straight,Not a Pedestrian,Changing lane to the right,Slight Injury,16,Afternoon
Saturday,31-50,Male,Junior high school,Employee,Above 10yr,Automobile,Owner,Unknown,No defect,Other,Two-way (divided with broken lines road marking),Tangent road with mild grade and flat terrain,Crossing,Asphalt roads,Dry,Daylight,Normal,Vehicle with vehicle collision,2,1,Getting off,Not a Pedestrian,Overtaking,Slight Injury,16,Afternoon
Friday,31-50,Male,Junior high school,Employee,Above 10yr,Public (13?45 seats),Governmental,Unknown,No defect,Residential areas,Double carriageway (median),Tangent road with flat terrain,Y Shape,Asphalt roads,Dry,Daylight,Normal,Vehicle with vehicle collision,2,3,Going straight,Not a Pedestrian,Other,Slight Injury,9,Morning
Friday,31-50,Male,Junior high school,Owner,Above 10yr,Public (12 seats),Owner,Unknown,No defect,Office areas,Two-way (divided with broken lines road marking),Tangent road with flat terrain,Y Shape,Asphalt roads,Dry,Daylight,Normal,Vehicle with vehicle collision,2,3,Going straight,Not a Pedestrian,Driving to the left,Slight Injury,9,Morning
Friday,31-50,Male,Junior high school,Employee,unknown,Other,Owner,Unknown,No defect,Office areas,Undivided Two way,Tangent road with flat terrain,Y Shape,Asphalt roads,Dry,Daylight,Normal,Vehicle with vehicle collision,2,3,Going straight,Not a Pedestrian,Driving at high speed,Slight Injury,9,Morning
Friday,Over 51,Male,Junior high school,Employee,5-10yr,Automobile,Owner,Below 1yr,No defect,Office areas,Two-way (divided with broken lines road marking),Tangent road with flat terrain,Y Shape,Asphalt roads,Dry,Daylight,Normal,Vehicle with vehicle collision,2,3,Going straight,Not a Pedestrian,Unknown,Slight Injury,9,Morning
Sunday,31-50,Male,Junior high school,Employee,2-5yr,Automobile,Organization,1-2yr,No defect, Church areas,Two-way (divided with broken lines road marking),Tangent road with flat terrain,Crossing,Asphalt roads,Dry,Daylight,Normal,Vehicle with vehicle collision,3,1,Going straight,Not a Pedestrian,Changing lane to the right,Slight Injury,16,Afternoon
Sunday,31-50,Male,Elementary school,Employee,5-10yr,Public (13?45 seats),Owner,Unknown,No defect,Office areas,Two-way (divided with broken lines road marking),Tangent road with flat terrain,Crossing,Asphalt roads,Dry,Daylight,Normal,Vehicle with vehicle collision,3,1,Going straight,Not a Pedestrian,No distancing,Slight Injury,16,Afternoon
Sunday,31-50,Male,Junior high school,Employee,2-5yr,Public (13?45 seats),Owner,1-2yr,No defect,Office areas,Two-way (divided with broken lines road marking),Tangent road with mild grade and flat terrain,Crossing,Gravel roads,Dry,Daylight,Normal,Vehicle with vehicle collision,3,1,Going straight,Not a Pedestrian,Other,Slight Injury,16,Afternoon
Thursday,18-30,Male,High school,Owner,5-10yr,Automobile,Owner,Unknown,No defect,Office areas,Two-way (divided with broken lines road marking),Tangent road with mild grade and flat terrain,Crossing,Asphalt roads,Dry,Daylight,Normal,Vehicle with vehicle collision,2,2,Going straight,Not a Pedestrian,No priority to vehicle,Slight Injury,13,Afternoon
Thursday,31-50,Unknown,Junior high school,Employee,Above 10yr,Other,Owner,5-10yrs,No defect,Office areas,Two-way (divided with broken lines road marking),Tangent road with flat terrain,Crossing,Asphalt roads,Dry,Daylight,Normal,Collision with pedestrians,2,2,Going straight,Not a Pedestrian,Changing lane to the left,Slight Injury,13,Afternoon
Wednesday,18-30,Male,Junior high school,Employee,2-5yr,Pick up upto 10Q,Owner,Unknown,No defect,Other,Two-way (divided with broken lines road marking),Tangent road with flat terrain,No junction,Asphalt roads,Wet or damp,Daylight,Normal,Collision with roadside objects,3,2,Moving Backward,Not a Pedestrian,No priority to pedestrian,Serious Injury,8,Morning
Wednesday,18-30,Male,Elementary school,Employee,2-5yr,Lorry (41?100Q),Owner,Unknown,No defect,Residential areas,Double carriageway (median),Tangent road with flat terrain,No junction,Asphalt roads,Wet or damp,Daylight,Normal,Collision with roadside objects,3,2,Going straight,Not a Pedestrian,Overtaking,Serious Injury,8,Morning
Wednesday,31-50,Male,High school,Owner,Above 10yr,Automobile,Owner,Unknown,No defect, Church areas,Undivided Two way,Tangent road with flat terrain,No junction,Asphalt roads,Wet or damp,Daylight,Normal,Vehicle with vehicle collision,3,2,Going straight,Crossing from driver's nearside,Driving carelessly,Serious Injury,8,Morning
Tuesday,18-30,Male,Elementary school,Employee,1-2yr,Automobile,Owner,Unknown,No defect,Other,Two-way (divided with broken lines road marking),Tangent road with flat terrain,No junction,Asphalt roads,Dry,Daylight,Normal,Vehicle with vehicle collision,2,1,Going straight,Not a Pedestrian,No priority to vehicle,Slight Injury,14,Afternoon
Tuesday,18-30,Male,Junior high school,Employee,Above 10yr,Lorry (41?100Q),Owner,Unknown,No defect,  Recreational areas,Two-way (divided with broken lines road marking),Tangent road with flat terrain,No junction,Asphalt roads,Dry,Daylight,Normal,Vehicle with vehicle collision,2,1,Going straight,Not a Pedestrian,No priority to pedestrian,Slight Injury,14,Afternoon
Wednesday,31-50,Male,Junior high school,Employee,5-10yr,Automobile,Owner,Unknown,No defect,Other,Two-way (divided with broken lines road marking),Tangent road with flat terrain,No junction,Asphalt roads,Dry,Daylight,Normal,Vehicle with vehicle collision,2,1,Going straight,Not a Pedestrian,Changing lane to the right,Slight Injury,14,Afternoon
Wednesday,31-50,Male,Junior high school,Owner,5-10yr,Other,Owner,Unknown,No defect, Industrial areas,Undivided Two way,Tangent road with mild grade and flat terrain,No junction,Asphalt roads,Dry,Daylight,Normal,Vehicle with vehicle collision,2,1,Going straight,Not a Pedestrian,Driving carelessly,Slight Injury,14,Afternoon
Sunday,18-30,Male,Above high school,Employee,5-10yr,Automobile,Owner,Unknown,No defect,Other,Two-way (divided with broken lines road marking),Tangent road with flat terrain,No junction,Asphalt roads,Dry,Daylight,Normal,Collision with roadside objects,3,1,Going straight,Not a Pedestrian,Changing lane to the right,Slight Injury,9,Morning
Sunday,18-30,Male,Junior high school,Employee,5-10yr,Automobile,Owner,Unknown,No defect,Other,other,Tangent road with flat terrain,No junction,Asphalt roads,Dry,Daylight,Normal,Vehicle with vehicle collision,3,1,Going straight,Not a Pedestrian,Changing lane to the right,Slight Injury,9,Morning
Sunday,18-30,Male,Junior high school,Employee,Above 10yr,Automobile,Owner,5-10yrs,No defect, Church areas,other,Tangent road with flat terrain,No junction,Asphalt roads,Dry,Daylight,Normal,Vehicle with vehicle collision,3,1,Going straight,Not a Pedestrian,Changing lane to the left,Slight Injury,9,Morning
Tuesday,Over 51,Male,Junior high school,Employee,1-2yr,Automobile,Owner,5-10yrs,No defect, Church areas,Undivided Two way,Tangent road with flat terrain,Crossing,Asphalt roads,Dry,Daylight,Normal,Vehicle with vehicle collision,1,1,Going straight,Not a Pedestrian,Overturning,Serious Injury,10,Morning
Saturday,18-30,Male,Junior high school,Employee,2-5yr,Lorry (41?100Q),Owner,Unknown,No defect,Other,Two-way (divided with broken lines road marking),Tangent road with flat terrain,No junction,Asphalt roads,Dry,Daylight,Normal,Vehicle with vehicle collision,2,1,Going straight,Not a Pedestrian,Driving carelessly,Slight Injury,14,Afternoon
Saturday,18-30,Male,Junior high school,Employee,Below 1yr,Other,Owner,Unknown,No defect,Other,One way,Tangent road with flat terrain,No junction,Asphalt roads,Dry,Daylight,Normal,Vehicle with vehicle collision,2,1,Going straight,Not a Pedestrian,No distancing,Slight Injury,14,Afternoon
Saturday,18-30,Male,Junior high school,Employee,Above 10yr,Pick up upto 10Q,Governmental,2-5yrs,No defect,  Recreational areas,Two-way (divided with broken lines road marking),Tangent road with flat terrain,Crossing,Asphalt roads,Dry,Daylight,Normal,Vehicle with vehicle collision,2,1,Going straight,Not a Pedestrian,Driving carelessly,Slight Injury,11,Morning
Saturday,Over 51,Male,Junior high school,Employee,1-2yr,Stationwagen,Owner,2-5yrs,No defect,Other,Undivided Two way,Tangent road with flat terrain,Crossing,Asphalt roads,Dry,Daylight,Normal,Collision with pedestrians,2,1,Going straight,Not a Pedestrian,Changing lane to the left,Slight Injury,11,Morning
Sunday,18-30,Male,Above high school,Employee,5-10yr,Other,Owner,5-10yrs,No defect,Office areas,Undivided Two way,Tangent road with flat terrain,No junction,Other,Dry,Daylight,Normal,Collision with pedestrians,1,1,Going straight,Not a Pedestrian,No priority to vehicle,Serious Injury,12,Afternoon
Friday,18-30,Male,Junior high school,Employee,5-10yr,Pick up upto 10Q,Owner,5-10yrs,No defect, Church areas,Two-way (divided with broken lines road marking),Tangent road with flat terrain,Y Shape,Asphalt roads,Dry,Daylight,Normal,Collision with roadside objects,2,1,Going straight,Not a Pedestrian,Changing lane to the right,Slight Injury,16,Afternoon
Friday,31-50,Unknown,Elementary school,Owner,Below 1yr,Stationwagen,Owner,2-5yrs,No defect,Office areas,Two-way (divided with broken lines road marking),Tangent road with flat terrain,Y Shape,Asphalt roads,Dry,Daylight,Normal,Collision with pedestrians,2,1,Going straight,Not a Pedestrian,No distancing,Slight Injury,16,Afternoon
Friday,18-30,Male,Junior high school,Employee,5-10yr,Lorry (41?100Q),Owner,Unknown,No defect,Office areas,Undivided Two way,Tangent road with mountainous terrain and,Crossing,Asphalt roads,Wet or damp,Daylight,Normal,Vehicle with vehicle collision,2,2,Reversing,Not a Pedestrian,Moving Backward,Slight Injury,13,Afternoon
Friday,31-50,Male,Junior high school,Employee,Above 10yr,Automobile,Owner,2-5yrs,No defect,Other,Undivided Two way,Tangent road with flat terrain,Crossing,Asphalt roads,Wet or damp,Daylight,Normal,Vehicle with vehicle collision,2,2,Going straight,Not a Pedestrian,Moving Backward,Slight Injury,13,Afternoon
Tuesday,18-30,Male,Junior high school,Employee,5-10yr,Automobile,Governmental,Unknown,No defect,Residential areas,Two-way (divided with broken lines road marking),Tangent road with flat terrain,No junction,Asphalt roads,Dry,Daylight,Normal,Vehicle with vehicle collision,2,2,Going straight,Not a Pedestrian,No distancing,Slight Injury,9,Morning
Tuesday,31-50,Male,Junior high school,Employee,1-2yr,Automobile,Owner,2-5yrs,No defect,Office areas,Two-way (divided with broken lines road marking),Tangent road with mild grade and flat terrain,No junction,Asphalt roads,Dry,Daylight,Normal,Collision with roadside objects,2,2,Going straight,Not a Pedestrian,No distancing,Slight Injury,9,Morning
Friday,Under 18,Male,Junior high school,Owner,2-5yr,Automobile,Owner,2-5yrs,No defect,Residential areas,other,Tangent road with flat terrain,No junction,Asphalt roads,Wet or damp,Darkness - lights lit,Raining,Collision with roadside objects,1,2,Unknown,Not a Pedestrian,No distancing,Slight Injury,22,Night
Friday,Under 18,Male,Junior high school,Employee,unknown,Turbo,Owner,Unknown,No defect,Residential areas,Two-way (divided with broken lines road marking),Tangent road with flat terrain,No junction,Other,Wet or damp,Darkness - lights lit,Raining,Vehicle with vehicle collision,1,2,Going straight,Crossing from driver's nearside,No priority to pedestrian,Slight Injury,22,Night
Wednesday,Under 18,Unknown,Junior high school,Employee,Above 10yr,Automobile,Owner,Unknown,No defect,Other,Double carriageway (median),Tangent road with flat terrain,Y Shape,Asphalt roads,Dry,Daylight,Normal,Vehicle with vehicle collision,2,1,Going straight,Not a Pedestrian,Driving carelessly,Slight Injury,9,Morning
Wednesday,31-50,Male,Junior high school,Owner,2-5yr,Stationwagen,Owner,Unknown,No defect, Hospital areas,One way,Tangent road with flat terrain,Y Shape,Asphalt roads,Dry,Daylight,Normal,Vehicle with vehicle collision,2,1,Going straight,Not a Pedestrian,Changing lane to the right,Slight Injury,9,Morning
Friday,31-50,Male,Junior high school,Employee,5-10yr,Automobile,Governmental,Unknown,No defect,Other,Undivided Two way,Tangent road with flat terrain,Y Shape,Asphalt roads,Dry,Daylight,Normal,Vehicle with vehicle collision,2,1,Going straight,Not a Pedestrian,Changing lane to the left,Serious Injury,8,Morning
Friday,18-30,Male,Junior high school,Employee,2-5yr,Automobile,Owner,Unknown,No defect,Other,Undivided Two way,Tangent road with flat terrain,Y Shape,Asphalt roads,Dry,Daylight,Normal,Vehicle with vehicle collision,2,1,Going straight,Not a Pedestrian,Driving carelessly,Serious Injury,8,Morning
Wednesday,31-50,Male,Junior high school,Employee,1-2yr,Automobile,Owner,Unknown,No defect,  Recreational areas,One way,Tangent road with mild grade and flat terrain,No junction,Asphalt roads,Dry,Daylight,Normal,Vehicle with vehicle collision,2,1,Going straight,Not a Pedestrian,Driving carelessly,Slight Injury,17,Evening
Wednesday,31-50,Male,Junior high school,Employee,5-10yr,Pick up upto 10Q,Owner,Unknown,No defect,Other,Undivided Two way,Tangent road with flat terrain,No junction,Asphalt roads,Dry,Daylight,Normal,Vehicle with vehicle collision,2,1,Unknown,Not a Pedestrian,No distancing,Slight Injury,17,Evening
Thursday,31-50,Male,Junior high school,Employee,2-5yr,Lorry (41?100Q),Owner,Unknown,No defect,Other,Undivided Two way,Tangent road with flat terrain,No junction,Asphalt roads,Dry,Daylight,Normal,Vehicle with vehicle collision,2,1,Moving Backward,Not a Pedestrian,Other,Slight Injury,10,Morning
Thursday,Over 51,Male,Elementary school,Employee,5-10yr,Lorry (41?100Q),Owner,Unknown,No defect,Other,Undivided Two way,Tangent road with flat terrain,No junction,Asphalt roads,Dry,Daylight,Normal,Vehicle with vehicle collision,2,1,Going straight,Not a Pedestrian,Changing lane to the right,Slight Injury,10,Morning
Monday,18-30,Male,Above high school,Owner,5-10yr,Automobile,Owner,Below 1yr,No defect,Office areas,Two-way (divided with broken lines road marking),Tangent road with flat terrain,No junction,Asphalt roads,Dry,Daylight,Normal,Collision with roadside objects,2,1,Turnover,Not a Pedestrian,Changing lane to the right,Serious Injury,16,Afternoon
Monday,18-30,Male,Junior high school,Employee,2-5yr,Lorry (41?100Q),Owner,2-5yrs,No defect,Other,Two-way (divided with broken lines road marking),Tangent road with mild grade and flat terrain,No junction,Other,Dry,Daylight,Normal,Collision with roadside objects,2,1,Turnover,Not a Pedestrian,No distancing,Serious Injury,16,Afternoon